dataset,model,ECE_raw,ECE_platt_scaling,ECE_isotonic_regression
coco,gdino,0.0296041099308131,0.0044152943324605,0.0001837751405111
cityscapes,gdino,0.0625491985557073,0.0095557891874376,0.0006519783338205
kitti,gdino,0.0530305341796835,0.0007202357863502,0.0001760188561613
pascal,gdino,0.026179260735742,0.0006986957184274,3.698798520831488e-05
coco,yolov8l,0.0984979886727939,0.007959078072128,0.0017318919513276
cityscapes,yolov8l,0.0190003225873398,0.0098628874819392,0.0006746737288243
kitti,yolov8l,0.0324012765303523,0.0093504508179224,0.0035979174430152
pascal,yolov8l,0.0072583790241385,0.0032485158445178,0.0004416435574014
coco,yolov8l-worldv2,0.0682241562727199,0.0212616913622815,0.0011468103736107
cityscapes,yolov8l-worldv2,0.0552150856508494,0.0335620415000363,0.0029268963496063
kitti,yolov8l-worldv2,0.0071848085531896,0.0063805338132475,0.0006097258254573
pascal,yolov8l-worldv2,0.0092604032908317,0.0031340851533924,0.0003415349730564
coco,rtdetr-l,0.0104507602497045,0.0042080022117535,0.0001729425561208
cityscapes,rtdetr-l,0.0576385758395275,0.0032958437767195,0.0006363941699622
kitti,rtdetr-l,0.0062568065547578,0.0003106735860173,8.358382197638499e-05
pascal,rtdetr-l,0.0381052250760196,0.00052091115275,5.282821584924762e-05
coco,owlvit,0.0140014989611274,0.0024939739209706,0.000139180810106
cityscapes,owlvit,0.0146820428011769,0.0030985656277342,0.0004933578854846
kitti,owlvit,0.0102362333201248,0.0010983934814684,0.0001747271243032
pascal,owlvit,0.0083490923663933,0.0012376846405615,5.69114253419472e-05
coco,frcnn,0.0148414404428439,0.0039381672415657,0.0001661684186251
cityscapes,frcnn,0.08489701468400396,2.432935998442423e-05,1.2441463570326411e-05
kitti,frcnn,0.0233543149957467,7.277471253225917e-05,2.718708083584466e-06
pascal,frcnn,0.0160106950200948,1.2459065176184147e-05,6.07962303954962e-07
kitti,yolov8l_hard,0.0466541213109904,0.017314284142414,0.0005815140989462
kitti,yolov8l_soft,0.043790237008637,0.0172011337211001,0.0007833448702646
coco,yolov8l_hard,0.0666478794025834,0.0292707534750734,0.0023583961022255
coco,yolov8l_soft,0.0727640656597943,0.0333060758837042,0.0023913271823658
pascal,yolov8l_hard,0.0134758265511247,0.0032245229090108,0.0003999432131047
pascal,yolov8l_soft,0.0123555202952733,0.0031019100260113,0.0001633155787406
cityscapes,yolov8l_hard,0.0153695328603353,0.0064635612335134,0.0010528799832201
cityscapes,yolov8l_soft,0.0175971811681698,0.0079031464115026,0.0007071814353939
kitti,rtdetr-l_hard,0.022215736325411,0.0051570887899664,0.0001950898990437
kitti,rtdetr-l_soft,0.0172306320911139,0.0040555397049207,0.0002079661188186
coco,rtdetr-l_hard,0.0301514132026226,0.0050795130705574,0.0003711226149366
coco,rtdetr-l_soft,0.0244853285805849,0.0050804538304359,0.0005695906176701
pascal,rtdetr-l_hard,0.0348013422423391,0.000564933227465,4.108369769781698e-05
pascal,rtdetr-l_soft,0.0330360327797923,0.0004301510046121,5.260241710094541e-05
cityscapes,rtdetr-l_hard,0.0557719914241321,0.0051040532041567,0.0002827735486619
cityscapes,rtdetr-l_soft,0.0334716888724003,0.0052126444237469,0.0006273199143674
